Date,PK.TMaxF,PK.TMinF,PK.PrcpIN,HH.TMaxF,HH.TMinF,HH.PrcpIN
1/1/2013,27,19,0,26,22,0
1/2/2013,27,22,0,27,23,0
1/3/2013,23,14,0,25,21,0
1/4/2013,25,19,0,22,13,0
1/5/2013,29,20,0,24,13,0
1/6/2013,36,25,0,30,20,0.1
1/7/2013,35,30,0.16,35,22,0.23
1/8/2013,39,32,0.04,36,25,0.32
1/9/2013,44,31,0.07,39,30,0.1
1/10/2013,39,27,0.22,46,32,0.1
1/11/2013,27,20,0.03,36,22,0.1
1/12/2013,22,6,0.05,22,12,0.1
1/13/2013,18,12,0.01,18,9,0.04
1/14/2013,21,14,0.05,18,9,0.1
1/15/2013,30,19,0,20,15,0.14
1/16/2013,28,13,0,25,19,0
1/17/2013,26,13,0,30,17,0
1/18/2013,39,18,0,31,21,0
1/19/2013,36,20,0,32,19,0
1/20/2013,33,23,0,33,21,0
1/21/2013,32,19,0,29,18,0
1/22/2013,27,15,0,34,20,0
1/23/2013,25,20,0,28,15,0
1/24/2013,39,23,0,31,19,0.33
1/25/2013,40,23,0,41,27,0.06
1/26/2013,38,33,0.15,42,28,0.55
1/27/2013,36,27,0.01,37,32,0.07
1/28/2013,35,27,0.01,34,28,0.15
1/29/2013,32,22,0.05,32,24,0
1/30/2013,40,26,0.01,26,19,0
1/31/2013,42,26,0,41,19,0
2/1/2013,43,32,0,41,32,0.1
2/2/2013,41,25,0,42,33,0
2/3/2013,42,24,0,40,29,0
2/4/2013,44,36,0,41,26,0
2/5/2013,49,31,0.03,43,30,0
2/6/2013,50,31,0,44,30,0
2/7/2013,40,25,0,40,32,0
2/8/2013,40,25,0,40,28,0
2/9/2013,39,24,0.01,40,27,0
2/10/2013,34,24,0.02,33,23,0
2/11/2013,34,22,0,35,19,0.16
2/12/2013,38,31,0,33,24,0
2/13/2013,44,36,0.01,38,29,0
2/14/2013,42,27,0,43,34,0
2/15/2013,43,24,0,41,24,0
2/16/2013,42,23,0,40,28,0
2/17/2013,42,32,0.02,37,28,0
2/18/2013,41,27,0,38,31,0
2/19/2013,39,28,0,39,25,0.28
2/20/2013,39,24,0.01,36,20,0
2/21/2013,37,21,0.01,36,27,0
2/22/2013,40,28,0,33,24,0.08
2/23/2013,40,28,0,35,28,0.11
2/24/2013,40,21,0,38,29,0.06
2/25/2013,40,29,0,36,21,0
2/26/2013,39,29,0,35,28,0.09
2/27/2013,42,26,0,36,29,0
2/28/2013,44,28,0,37,22,0
3/1/2013,53,37,0,39,28,0.2
3/2/2013,57,32,0,47,33,0
3/3/2013,55,35,0.001,52,34,0.55
3/4/2013,37,16,0.03,41,25,0.16
3/5/2013,36,17,0,32,19,0
3/6/2013,36,25,0.1,33,9,0.04
3/7/2013,46,31,0,35,23,0
3/8/2013,46,20,0,43,32,0
3/9/2013,50,28,0,43,22,0
3/10/2013,48,24,0,47,25,0
3/11/2013,49,32,0,47,29,0
3/12/2013,49,30,0.05,45,31,0.31
3/13/2013,58,43,0,40,29,0
3/14/2013,57,35,0,49,34,0
3/15/2013,56,45,0,50,34,0
3/16/2013,54,38,0.03,56,38,0.07
3/17/2013,54,26,0,47,33,0.27
3/18/2013,40,26,0.06,37,28,0.15
3/19/2013,44,19,0.01,34,23,0
3/20/2013,56,30,0,40,19,0.21
3/21/2013,55,30,0.15,41,26,0.35
3/22/2013,40,23,0.01,41,29,0.06
3/23/2013,33,22,0.08,35,24,0
3/24/2013,37,18,0.01,33,13,0.04
3/25/2013,44,18,0,37,17,0
3/26/2013,51,28,0,42,13,0
3/27/2013,53,28,0,49,18,0
3/28/2013,53,33,0.06,50,24,0
3/29/2013,57,36,0.03,51,32,0
3/30/2013,61,31,0,48,35,0.02
3/31/2013,62,30,0,61,30,0
4/1/2013,61,32,0,59,31,0
4/2/2013,66,32,0,61,31,0
4/3/2013,66,36,0,64,31,0
4/4/2013,65,36,0,54,39,0
4/5/2013,56,43,0.05,58,32,0.23
4/6/2013,54,39,0.08,55,41,0.19
4/7/2013,53,32,0.17,51,37,0.14
4/8/2013,43,28,0.4,45,32,0.82
4/9/2013,44,22,0,38,23,0
4/10/2013,53,30,0.001,43,21,0
4/11/2013,53,32,0.13,45,30,0.09
4/12/2013,51,29,0.01,48,37,0
4/13/2013,51,33,0.06,49,32,0.41
4/14/2013,42,30,0.06,44,31,0.22
4/15/2013,43,28,0,43,26,0
4/16/2013,41,23,0,35,23,0
4/17/2013,46,23,0,38,24,0
4/18/2013,51,27,0,48,22,0
4/19/2013,52,38,0.14,55,31,0
4/20/2013,53,39,0.26,47,36,0
4/21/2013,50,30,0.51,52,40,0
4/22/2013,39,21,0.01,41,24,0
4/23/2013,47,22,0,43,18,0
4/24/2013,60,27,0,45,26,0
4/25/2013,66,40,0,57,31,0
4/26/2013,72,35,0,65,36,0
4/27/2013,72,46,0,71,38,0
4/28/2013,63,46,0,65,45,0.1
4/29/2013,59,36,0.14,58,42,0.2
4/30/2013,47,28,0.1,51,33,0.35
5/1/2013,51,28,0.06,45,27,0
5/2/2013,61,27,0,52,31,0
5/3/2013,63,44,0.05,62,33,0
5/4/2013,63,37,0,56,41,0
5/5/2013,68,35,0,64,36,0
5/6/2013,73,38,0,70,36,0
5/7/2013,74,39,0,75,38,0
5/8/2013,73,41,0,71,40,0
5/9/2013,74,46,0,76,42,0
5/10/2013,76,45,0,81,45,0
5/11/2013,83,48,0,75,45,0
5/12/2013,84,47,0,83,45,0
5/13/2013,82,55,0,83,51,0
5/14/2013,76,46,0.07,73,49,0
5/15/2013,63,33,0,61,40,0
5/16/2013,63,41,0,64,38,0.04
5/17/2013,63,39,0,62,44,0
5/18/2013,63,39,0.28,65,42,0.04
5/19/2013,59,45,0.33,58,46,0.09
5/20/2013,65,45,0.01,57,46,0.07
5/21/2013,66,43,0,65,42,0
5/22/2013,65,43,0.57,75,43,0.5
5/23/2013,52,31,0.8,66,41,1.63
5/24/2013,61,38,0.07,52,32,0
5/25/2013,60,37,0.01,60,36,0.25
5/26/2013,65,37,0,58,40,0
5/27/2013,66,46,0,64,37,0
5/28/2013,63,48,0.07,62,46,0
5/29/2013,66,42,0.08,60,43,0.16
5/30/2013,65,44,0.16,62,46,0.15
5/31/2013,63,45,0.02,58,45,0
6/1/2013,63,39,0,53,47,0
6/2/2013,66,45,0.23,65,42,0
6/3/2013,60,46,0.38,68,45,0.22
6/4/2013,65,43,0.16,60,46,0
6/5/2013,68,42,0,70,37,0.15
6/6/2013,77,49,0,79,44,0
6/7/2013,79,52,0,84,53,0
6/8/2013,79,49,0,80,55,0
6/9/2013,79,47,0,76,50,0
6/10/2013,76,42,0,76,52,0
6/11/2013,75,45,0,77,47,0
6/12/2013,72,48,0.22,77,48,0.17
6/13/2013,66,49,0.04,63,46,0.04
6/14/2013,65,41,0.02,57,46,0.16
6/15/2013,72,39,0,75,48,0
6/16/2013,75,44,0,81,48,0
6/17/2013,78,53,0,85,51,0.04
6/18/2013,79,53,0,83,53,0.02
6/19/2013,78,51,0.24,67,45,1.4
6/20/2013,54,44,1.19,52,44,0
6/21/2013,63,40,0.02,60,44,0.69
6/22/2013,65,43,0,70,44,0.01
6/23/2013,69,43,0,74,44,0
6/24/2013,68,54,0.14,63,53,0.06
6/25/2013,70,51,0.02,73,52,0.2
6/26/2013,71,51,0.14,71,48,0.42
6/27/2013,72,51,0,79,53,0
6/28/2013,76,54,0,88,52,0
6/29/2013,79,57,0,87,58,0
6/30/2013,83,58,0,91,55,0
7/1/2013,84,58,0,95,63,0
7/2/2013,85,61,0,90,55,0
7/3/2013,90,62,0,95,63,0
7/4/2013,91,55,0,98,64,0
7/5/2013,89,53,0,92,67,0
7/6/2013,82,51,0.07,88,61,0
7/7/2013,81,51,0,84,53,0
7/8/2013,83,54,0.1,83,50,0
7/9/2013,80,51,0,85,52,0.08
7/10/2013,88,51,0,80,55,0.02
7/11/2013,88,59,0,83,47,0
7/12/2013,83,50,0,88,50,0.07
7/13/2013,81,56,0.01,83,61,0
7/14/2013,84,49,0,80,48,0
7/15/2013,88,50,0,78,56,0
7/16/2013,88,61,0,83,48,0
7/17/2013,92,61,0,88,54,0.01
7/18/2013,92,57,0,84,51,0.001
7/19/2013,87,52,0,88,56,0
7/20/2013,91,54,0,92,58,0
7/21/2013,92,53,0,93,58,0
7/22/2013,92,53,0,92,57,0
7/23/2013,92,55,0,94,57,0
7/24/2013,93,55,0,94,59,0
7/25/2013,92,59,0,93,59,0
7/26/2013,92,55,0,95,56,0
7/27/2013,94,54,0,89,60,0
7/28/2013,88,50,0,85,50,0
7/29/2013,83,59,0,79,53,0
7/30/2013,82,60,0,83,51,0
7/31/2013,84,53,0,89,51,0.05
8/1/2013,84,57,0.02,89,51,0
8/2/2013,71,53,0.3,73,57,0.12
8/3/2013,72,50,0.04,63,55,0.96
8/4/2013,80,50,0,72,54,0
8/5/2013,81,53,0,81,49,0.03
8/6/2013,83,53,0,82,51,0
8/7/2013,84,56,0,84,49,0.01
8/8/2013,86,55,0,86,55,0.01
8/9/2013,86,62,0,85,57,0
8/10/2013,86,59,0,87,54,0
8/11/2013,86,63,0,89,59,0
8/12/2013,85,60,0,87,57,0
8/13/2013,85,61,0.04,88,58,0.3
8/14/2013,84,54,0,83,57,0.02
8/15/2013,91,54,0,86,51,0
8/16/2013,92,57,0,91,57,0
8/17/2013,90,59,0.03,90,58,0.02
8/18/2013,86,56,0,86,60,0
8/19/2013,87,52,0,86,61,0
8/20/2013,87,54,0,87,53,0
8/21/2013,85,49,0,85,56,0
8/22/2013,82,49,0,83,47,0
8/23/2013,83,60,0,86,48,0
8/24/2013,85,52,0,83,61,0.12
8/25/2013,85,60,0,85,54,0
8/26/2013,84,57,0.05,84,54,0.05
8/27/2013,83,51,0,81,53,0
8/28/2013,83,59,0.01,86,52,0
8/29/2013,84,55,0.34,78,54,0
8/30/2013,80,52,0,84,53,0.25
8/31/2013,80,49,0,77,56,0
9/1/2013,83,50,0,80,47,0
9/2/2013,83,58,0,88,46,0
9/3/2013,80,58,0.01,82,55,0.02
9/4/2013,82,52,0,70,56,0
9/5/2013,83,61,0.05,85,52,0
9/6/2013,79,56,0.06,76,59,0
9/7/2013,80,54,0,78,55,0.25
9/8/2013,80,53,0.36,78,57,0.13
9/9/2013,73,53,0.17,61,52,0
9/10/2013,79,50,0,71,55,0
9/11/2013,82,52,0,80,50,0
9/12/2013,82,52,0,85,54,0
9/13/2013,83,52,0,86,51,0
9/14/2013,83,60,0,82,50,0
9/15/2013,81,51,0,82,56,0
9/16/2013,81,58,0,84,50,0.08
9/17/2013,79,47,0,75,58,0.24
9/18/2013,71,48,0.74,71,48,0.3
9/19/2013,63,43,0.1,61,45,0.46
9/20/2013,67,39,0,62,45,0.54
9/21/2013,69,44,0,68,42,0
9/22/2013,69,47,0,67,42,0
9/23/2013,59,46,0.03,65,42,0.25
9/24/2013,58,45,0.25,57,46,0.2
9/25/2013,55,44,0.1,53,42,0.05
9/26/2013,55,42,0,52,43,0.15
9/27/2013,55,33,0,54,40,0.12
9/28/2013,61,43,0.001,51,34,0.04
9/29/2013,60,47,0.02,58,43,0.57
9/30/2013,53,43,0.07,57,46,0.66
10/1/2013,55,40,0.02,52,42,0.15
10/2/2013,54,34,0.11,53,39,0.11
10/3/2013,51,40,0,50,37,0
10/4/2013,52,27,0,49,33,0
10/5/2013,59,29,0,54,29,0
10/6/2013,61,32,0,57,35,0
10/7/2013,65,32,0,60,40,0
10/8/2013,57,43,0.08,64,40,0.15
10/9/2013,51,32,0,50,39,0.12
10/10/2013,51,29,0.01,55,34,0
10/11/2013,54,32,0,45,33,0.13
10/12/2013,52,34,0,50,37,0.01
10/13/2013,51,27,0,47,33,0
10/14/2013,52,37,0,49,30,0
10/15/2013,52,25,0,53,38,0.02
10/16/2013,49,34,0.001,51,29,0
10/17/2013,50,31,0,46,37,0
10/18/2013,53,26,0,51,36,0
10/19/2013,51,30,0,52,31,0
10/20/2013,54,33,0,49,33,0
10/21/2013,55,31,0,55,32,0
10/22/2013,54,33,0,54,32,0
10/23/2013,52,33,0,52,36,0
10/24/2013,51,33,0,52,33,0
10/25/2013,48,31,0,53,33,0
10/26/2013,44,34,0.02,52,31,0
10/27/2013,48,33,0.02,47,30,0
10/28/2013,47,33,0,46,31,0.001
10/29/2013,37,19,0,46,27,0
10/30/2013,43,18,0,37,19,0
10/31/2013,45,37,0,39,31,0.06
11/1/2013,50,28,0,46,32,0
11/2/2013,50,30,0.05,44,31,0.51
11/3/2013,45,35,0.01,44,31,0.56
11/4/2013,38,25,0.1,36,27,0
11/5/2013,36,24,0.1,36,27,0.18
11/6/2013,42,29,0.05,35,30,0
11/7/2013,38,28,0.1,38,28,0.18
11/8/2013,44,35,0.25,43,33,0.08
11/9/2013,43,28,0,39,31,0.45
11/10/2013,39,35,0.12,35,32,0.72
11/11/2013,39,35,0,38,31,0
11/12/2013,43,37,0,37,33,0.1
11/13/2013,48,35,0,43,34,0.11
11/14/2013,48,38,0,41,35,0
11/15/2013,45,34,0.001,41,33,0.01
11/16/2013,39,31,0.06,35,27,0.2
11/17/2013,38,28,0.01,37,25,0.95
11/18/2013,48,35,0,45,34,0.05
11/19/2013,51,37,0.01,49,37,0.45
11/20/2013,49,30,0,46,18,0.001
11/21/2013,30,11,0,18,11,0.001
11/22/2013,30,11,0,20,11,0
11/23/2013,26,12,0,20,13,0
11/24/2013,31,14,0,30,14,0
11/25/2013,33,18,0,29,16,0
11/26/2013,32,19,0,31,21,0
11/27/2013,32,19,0.001,27,20,0
11/28/2013,27,25,0,26,23,0
11/29/2013,26,22,0,30,24,0
11/30/2013,32,25,0.04,34,29,0.2
12/1/2013,41,31,0.13,34,29,0.33
12/2/2013,39,25,0.26,38,32,0.67
12/3/2013,25,13,0.07,40,15,0.35
12/4/2013,16,5,0,32,7,0
12/5/2013,10,-1,0,12,2,0
12/6/2013,10,1,0.02,8,2,0.01
12/7/2013,4,-7,0.04,5,-10,0
12/8/2013,3,-11,0.04,-6,-13,0.01
12/9/2013,9,-6,0.11,4,-10,0.02
12/10/2013,25,9,0.28,11,1,0.27
12/11/2013,28,21,0,21,11,0.02
12/12/2013,27,16,0,26,15,0
12/13/2013,36,22,0.01,33,22,0
12/14/2013,37,29,0,46,30,0
12/15/2013,45,32,0,38,32,0.25
12/16/2013,44,37,0,46,30,0
12/17/2013,42,26,0,45,30,0
12/18/2013,45,37,0,37,25,0.04
12/19/2013,41,19,0.001,47,23,0
12/20/2013,24,15,0.13,23,6,0.1
12/21/2013,29,15,0.16,21,10,0.02
12/22/2013,31,24,0.03,22,16,0
12/23/2013,35,20,0.05,29,22,0.21
12/24/2013,38,31,0.03,38,26,0.46
12/25/2013,36,16,0,37,31,0.01
12/26/2013,34,27,0,36,27,0
12/27/2013,34,24,0,38,25,0
12/28/2013,38,27,0,40,26,0
12/29/2013,35,24,0,35,24,0
12/30/2013,33,24,0.01,35,27,0
12/31/2013,42,31,0.11,40,30,0.29
1/1/2014,35,24,0,38,27,0
1/2/2014,34,25,0,37,26,0
1/3/2014,46,32,0.1,43,28,0
1/4/2014,34,28,0.02,29,18,0
1/5/2014,29,15,0,19,1,0.15
1/6/2014,20,12,0,11,5,0.001
1/7/2014,25,17,0,29,22,0
1/8/2014,30,23,0.23,29,22,0
1/9/2014,37,27,0.03,40,27,0
1/10/2014,41,27,0.001,40,29,0
1/11/2014,42,34,0.08,44,34,0.94
1/12/2014,40,34,0,41,32,0.33
1/13/2014,45,34,0,46,34,0
1/14/2014,44,33,0,44,34,0
1/15/2014,47,33,0,45,30,0
1/16/2014,41,31,0,38,31,0
1/17/2014,38,25,0,37,25,0
1/18/2014,34,22,0,29,24,0
1/19/2014,30,21,0,32,21,0
1/20/2014,30,21,0,26,19,0
1/21/2014,26,22,0,25,18,0.1
1/22/2014,29,24,0.05,33,20,0
1/23/2014,33,22,0,33,23,0
1/24/2014,33,22,0,35,29,0
1/25/2014,31,27,0,34,29,0
1/26/2014,31,25,0,33,26,0
1/27/2014,30,20,0.01,27,14,0
1/28/2014,27,14,0,28,14,0
1/29/2014,30,25,0.35,29,24,0.2
1/30/2014,31,20,0.22,28,16,0.3
1/31/2014,23,15,0.09,18,8,0
2/1/2014,23,17,0.001,20,2,0.1
2/2/2014,23,17,0.01,23,18,0
2/3/2014,22,17,0.21,21,5,0
2/4/2014,18,-2,0,7,-6,0
2/5/2014,7,-11,0,7,-16,0
2/6/2014,-5,-22,0,-3,-20,0
2/7/2014,2,-15,0.07,7,-14,0
2/8/2014,11,-6,0.05,17,-4,0.03
2/9/2014,15,1,0.14,19,4,0
2/10/2014,21,12,0.11,16,4,0.05
2/11/2014,41,16,0,38,14,0.03
2/12/2014,45,25,0.01,46,26,0.25
2/13/2014,43,33,0.22,43,34,0.21
2/14/2014,44,29,0.08,40,29,0
2/15/2014,40,27,0.01,36,28,0
2/16/2014,38,31,0.12,42,33,0.48
2/17/2014,42,31,0,39,35,0.1
2/18/2014,42,28,0.1,39,27,0
2/19/2014,39,29,0.05,40,30,0.2
2/20/2014,35,23,0.02,34,25,0.39
2/21/2014,37,26,0.01,35,22,0.23
2/22/2014,31,19,0,24,14,0.1
2/23/2014,27,19,0.06,18,8,0
2/24/2014,19,12,0.24,16,0,0
2/25/2014,21,12,0.14,26,-4,0.27
2/26/2014,16,-2,0,28,-7,0
2/27/2014,22,10,0.07,29,14,0
2/28/2014,22,15,0.37,29,5,0
3/1/2014,15,4,0.03,29,5,0.02
3/2/2014,12,4,0.22,5,-4,0.23
3/3/2014,27,9,0.26,3,-7,0.68
3/4/2014,44,21,0.05,25,3,0.37
3/5/2014,44,33,0.05,45,25,0.47
3/6/2014,48,34,0.2,47,35,0.83
3/7/2014,47,34,0.02,51,35,0
3/8/2014,50,26,0,46,34,0
3/9/2014,54,40,0,50,33,0.3
3/10/2014,54,36,0.18,49,37,1.05
3/11/2014,48,30,0.02,39,32,0.2
3/12/2014,48,25,0,44,31,0
3/13/2014,53,27,0,47,30,0
3/14/2014,54,29,0.01,53,28,0
3/15/2014,47,28,0.03,39,29,0.73
3/16/2014,58,28,0,47,32,0
3/17/2014,57,37,0.02,46,30,0.62
3/18/2014,42,24,0.04,41,32,0.37
3/19/2014,44,26,0,40,23,0
3/20/2014,43,28,0.11,37,30,0
3/21/2014,41,25,0.01,32,20,0
3/22/2014,38,24,0.04,33,10,0
3/23/2014,47,30,0.06,41,16,0
3/24/2014,46,28,0,43,18,0.4
3/25/2014,50,27,0,51,24,0
3/26/2014,50,34,0.02,52,31,0
3/27/2014,51,31,0.05,41,28,0
3/28/2014,49,32,0.2,41,23,0.35
3/29/2014,53,39,0.13,48,36,0.27
3/30/2014,52,34,0.02,44,32,0.17
3/31/2014,49,31,0.1,41,28,0.13
4/1/2014,50,28,0,41,28,0
4/2/2014,51,30,0.02,52,25,0
4/3/2014,55,30,0,51,27,0
4/4/2014,56,36,0.02,52,29,0.1
4/5/2014,51,36,0.02,46,35,0.1
4/6/2014,55,38,0.02,47,33,0.14
4/7/2014,64,34,0,50,34,0.05
4/8/2014,71,34,0,60,35,0
4/9/2014,71,49,0,68,36,0.1
4/10/2014,60,34,0,60,35,0
4/11/2014,60,34,0,58,35,0
4/12/2014,57,34,0.1,53,33,0
4/13/2014,48,25,0,39,19,0.43
4/14/2014,57,23,0,46,23,0
4/15/2014,56,41,0,55,30,0
4/16/2014,50,30,0,46,33,0
4/17/2014,51,39,0.05,49,34,0.24
4/18/2014,50,40,0.11,45,37,0.4
4/19/2014,59,26,0,46,32,0.04
4/20/2014,62,39,0,58,35,0.08
4/21/2014,58,32,0,55,32,0
4/22/2014,55,39,0.04,60,35,0
4/23/2014,49,37,0.08,53,33,0.22
4/24/2014,50,36,0.05,47,35,0.12
4/25/2014,56,33,0.08,45,35,0.47
4/26/2014,56,39,0.25,54,38,0.17
4/27/2014,53,29,0,44,35,0.41
4/28/2014,53,32,0,51,36,0
4/29/2014,55,27,0,52,32,0
4/30/2014,56,30,0,56,33,0
5/1/2014,63,37,0,63,36,0
5/2/2014,76,43,0,70,43,0
5/3/2014,74,44,0.04,76,43,0
5/4/2014,57,38,0.11,46,35,0.32
5/5/2014,59,41,0.11,53,38,0
5/6/2014,58,34,0.02,52,38,0
5/7/2014,55,36,0.06,50,33,0.33
5/8/2014,62,29,0,53,34,0
5/9/2014,62,42,0.16,63,40,0.08
5/10/2014,58,34,0.02,49,39,0.69
5/11/2014,54,34,0.57,53,33,0.42
5/12/2014,58,29,0,52,32,0
5/13/2014,62,32,0,62,36,0
5/14/2014,66,39,0,63,41,0
5/15/2014,67,43,0.01,68,43,0
5/16/2014,62,50,0.04,78,47,0
5/17/2014,64,43,0,62,44,0.02
5/18/2014,66,39,0,66,42,0.01
5/19/2014,62,43,0.2,67,44,0
5/20/2014,65,37,0,56,41,0.13
5/21/2014,67,40,0,70,43,0
5/22/2014,70,44,0,76,48,0
5/23/2014,75,44,0,80,47,0
5/24/2014,68,51,0.17,80,52,0.04
5/25/2014,68,44,0,71,50,0
5/26/2014,66,50,0.05,69,49,0.21
5/27/2014,68,38,0,66,45,0
5/28/2014,64,49,0.05,72,48,0
5/29/2014,61,40,0.01,61,42,0.31
5/30/2014,66,34,0,71,41,0
5/31/2014,68,45,0.04,75,46,0
6/1/2014,68,45,0.16,75,46,0
6/2/2014,72,42,0,72,43,0
6/3/2014,73,50,0.39,74,48,0
6/4/2014,72,46,0.22,64,45,0
6/5/2014,75,46,0,74,50,0
6/6/2014,73,42,0,69,39,0
6/7/2014,68,41,0,70,39,0
6/8/2014,72,43,0,72,44,0
6/9/2014,76,46,0,78,52,0
6/10/2014,76,45,0,75,46,0
6/11/2014,74,43,0.06,70,52,0.08
6/12/2014,69,45,0,70,46,0
6/13/2014,71,47,0.28,57,45,0.2
6/14/2014,61,46,0.07,53,47,0.59
6/15/2014,62,47,0.01,60,44,0.38
6/16/2014,62,42,0.37,57,45,0.94
6/17/2014,56,42,0.98,47,37,0.8
6/18/2014,47,41,0.52,48,38,0.52
6/19/2014,71,42,0.42,43,39,0.66
6/20/2014,73,43,0,66,43,0
6/21/2014,75,45,0,77,49,0
6/22/2014,72,46,0,76,51,0
6/23/2014,73,49,0,80,52,0
6/24/2014,73,53,0,82,53,0
6/25/2014,74,49,0,78,54,0
6/26/2014,74,56,0.03,77,53,0
6/27/2014,69,55,0.001,60,51,0
6/28/2014,66,50,0.05,64,51,0
6/29/2014,69,48,0,60,49,0
6/30/2014,74,43,0,65,45,1.14
7/1/2014,80,47,0,70,49,0
7/2/2014,80,51,0,82,54,0
7/3/2014,83,57,0,90,59,0
7/4/2014,84,56,0,90,58,0
7/5/2014,86,59,0,87,59,0
7/6/2014,86,55,0,83,57,0
7/7/2014,88,60,0,87,55,0
7/8/2014,83,56,0,86,55,0
7/9/2014,88,57,0,89,57,0
7/10/2014,90,56,0,92,61,0
7/11/2014,90,56,0,90,56,0
7/12/2014,85,55,0,86,55,0
7/13/2014,87,55,0,91,59,0
7/14/2014,89,61,0.01,95,61,0
7/15/2014,78,57,0.23,84,57,0.8
7/16/2014,85,57,0,77,58,0
7/17/2014,92,59,0,87,62,0
7/18/2014,92,59,0,91,55,0
7/19/2014,83,54,0,84,60,0
7/20/2014,83,64,0,82,62,0
7/21/2014,80,57,0.09,72,60,0.42
7/22/2014,83,52,0,80,52,0
7/23/2014,84,58,0.001,76,56,0.05
7/24/2014,83,52,0.04,86,52,0.2
7/25/2014,78,48,0,65,50,0
7/26/2014,83,47,0,76,51,0
7/27/2014,85,50,0,80,49,0
7/28/2014,85,59,0,86,53,0
7/29/2014,88,56,0,88,58,0
7/30/2014,92,57,0,89,57,0
7/31/2014,90,58,0,90,54,0
8/1/2014,91,58,0,94,60,0
8/2/2014,88,63,0.03,92,61,0.1
8/3/2014,88,59,0.19,89,59,0.6
8/4/2014,84,57,0,84,55,0
8/5/2014,85,58,0,88,59,0
8/6/2014,90,56,0,89,57,0
8/7/2014,91,54,0,92,59,0
8/8/2014,95,54,0,88,53,0
8/9/2014,87,52,0,86,53,0
8/10/2014,85,52,0,89,53,0
8/11/2014,88,55,0,87,58,0
8/12/2014,89,55,0,92,60,0
8/13/2014,89,58,0,87,63,0
8/14/2014,84,60,0.12,88,61,0.02
8/15/2014,77,57,0.35,78,60,0.09
8/16/2014,73,55,0.32,75,55,0.52
8/17/2014,82,55,0,70,58,0.1
8/18/2014,83,55,0,80,54,0
8/19/2014,85,54,0.02,85,58,0
8/20/2014,78,56,0.11,82,54,0.14
8/21/2014,73,53,0.36,72,52,0
8/22/2014,73,53,0.02,61,50,0.18
8/23/2014,64,54,0.01,66,48,0
8/24/2014,66,45,0,64,44,0
8/25/2014,72,45,0,64,44,0
8/26/2014,83,49,0,73,45,0
8/27/2014,83,45,0,80,52,0
8/28/2014,85,52,0,84,58,0
8/29/2014,85,51,0,81,48,0
8/30/2014,84,58,0,80,55,0
8/31/2014,72,55,0.08,73,50,0
9/1/2014,69,50,0.01,64,50,0
9/2/2014,77,45,0,68,50,0
9/3/2014,75,49,0.05,73,49,0.29
9/4/2014,63,42,0,51,43,0
9/5/2014,70,39,0,64,41,0
9/6/2014,75,40,0,72,42,0
9/7/2014,82,43,0,76,41,0
9/8/2014,80,43,0,80,47,0
9/9/2014,77,46,0,76,40,0
9/10/2014,56,45,0.2,50,39,0.82
9/11/2014,56,38,0.02,43,32,0.18
9/12/2014,60,29,0,55,30,0
9/13/2014,62,35,0,58,33,0
9/14/2014,67,36,0,65,36,0
9/15/2014,73,38,0,70,38,0
9/16/2014,74,43,0,75,41,0
9/17/2014,76,49,0,75,43,0
9/18/2014,81,53,0,81,51,0
9/19/2014,76,61,0,78,51,0.09
9/20/2014,73,45,0,70,50,0.1
9/21/2014,75,45,0,76,45,0
9/22/2014,80,48,0,79,47,0
9/23/2014,81,54,0.001,78,53,0
9/24/2014,88,52,0,76,54,0
9/25/2014,86,47,0,87,48,0
9/26/2014,75,49,0.04,79,49,0.02
9/27/2014,74,47,0.02,67,43,0
9/28/2014,64,43,0,56,44,0
9/29/2014,65,51,0,61,46,0
9/30/2014,58,49,0.31,59,50,0.02
10/1/2014,57,40,0.01,57,43,0.46
10/2/2014,57,44,0,55,40,0
10/3/2014,58,29,0,50,30,0
10/4/2014,69,43,0,58,33,0
10/5/2014,73,43,0,69,42,0
10/6/2014,77,44,0,70,42,0
10/7/2014,78,47,0,76,50,0
10/8/2014,78,43,0,76,50,0
10/9/2014,73,45,0,67,47,0
10/10/2014,68,40,0,70,39,0
10/11/2014,68,48,0,67,39,0
10/12/2014,57,43,0.05,61,42,0
10/13/2014,63,40,0.01,55,41,0
10/14/2014,69,39,0,61,39,0
10/15/2014,66,41,0.16,67,41,0
10/16/2014,56,43,0.01,61,43,0.54
10/17/2014,56,30,0,52,37,0
10/18/2014,63,41,0,52,38,0
10/19/2014,63,37,0,56,44,0
10/20/2014,60,36,0,61,35,0
10/21/2014,60,36,0.53,62,36,0
10/22/2014,58,35,0.01,50,38,0.28
10/23/2014,61,46,0.12,59,39,0.93
10/24/2014,61,42,0.06,54,42,0.41
10/25/2014,54,38,0.02,53,40,0.01
10/26/2014,56,40,0,56,41,0.06
10/27/2014,50,38,0.01,50,37,0
10/28/2014,47,28,0,46,29,0
10/29/2014,52,39,0.3,45,36,0.75
10/30/2014,49,33,0.04,47,40,0
10/31/2014,47,41,0.001,48,40,0
11/1/2014,47,36,0.06,51,36,0
11/2/2014,43,31,1.2,47,34,0
11/3/2014,46,34,0.01,38,34,0.85
11/4/2014,48,42,0.13,47,36,0.43
11/5/2014,54,43,0.01,51,41,0
11/6/2014,60,41,0,53,42,0
11/7/2014,61,44,0.04,59,44,0.31
11/8/2014,50,28,0.02,51,33,0
11/9/2014,47,39,0.35,48,34,0.03
11/10/2014,42,26,0.03,41,21,1.32
11/11/2014,27,13,0.01,25,4,0
11/12/2014,19,5,0,17,2,0
11/13/2014,19,6,0,16,2,0
11/14/2014,20,12,0.01,12,6,0
11/15/2014,19,5,0,15,6,0
11/16/2014,23,10,0,14,5,0
11/17/2014,23,10,0,18,9,0
11/18/2014,25,10,0,18,13,0
11/19/2014,26,10,0,27,16,0
11/20/2014,27,22,0.001,23,16,0
11/21/2014,35,24,0,29,20,0.02
11/22/2014,42,32,0.1,43,29,0.55
11/23/2014,40,28,0,41,34,0.08
11/24/2014,39,27,0.04,38,33,0.11
11/25/2014,40,32,0.01,38,32,0.2
11/26/2014,36,30,0.37,38,31,0
11/27/2014,53,32,0.01,49,31,1.05
11/28/2014,51,41,0.01,52,40,0.18
11/29/2014,48,14,0.03,50,4,1.18
11/30/2014,17,10,0.03,6,-6,0.24
12/1/2014,16,13,0.02,4,-6,0
12/2/2014,16,11,0,13,2,0.05
12/3/2014,20,11,0,20,7,0
12/4/2014,24,19,0.25,16,11,0.05
12/5/2014,31,23,0.2,24,14,0
12/6/2014,30,25,0.01,31,24,0
12/7/2014,35,27,0.01,37,31,0
12/8/2014,33,25,0.01,38,32,0
12/9/2014,31,27,0,37,30,0
12/10/2014,37,29,0,41,33,0
12/11/2014,43,34,0,52,33,0
12/12/2014,42,33,0,44,34,0.05
12/13/2014,39,34,0.26,42,35,0.22
12/14/2014,37,33,0.02,36,31,0
12/15/2014,37,24,0,35,25,0
12/16/2014,30,23,0,28,23,0
12/17/2014,33,28,0,27,23,0
12/18/2014,35,27,0.02,33,25,0
12/19/2014,36,30,0.12,37,29,0.13
12/20/2014,37,29,0.01,37,31,0.45
12/21/2014,45,32,0.31,37,32,0.58
12/22/2014,43,31,0,43,32,0.16
12/23/2014,37,25,0,40,25,0
12/24/2014,38,32,0.37,34,27,0.83
12/25/2014,33,26,0.12,34,20,0.32
12/26/2014,31,26,0.02,27,19,0.07
12/27/2014,31,25,0.05,29,22,0
12/28/2014,31,27,0.5,29,23,0.53
12/29/2014,31,14,0,26,11,0.07
12/30/2014,14,-3,0,12,-8,0
12/31/2014,5,-1,0,5,-9,0
1/1/2015,7,-1,0,7,0,0
1/2/2015,17,4,0.01,13,4,0
1/3/2015,24,16,0.05,19,12,0
1/4/2015,23,17,0.17,14,6,0
1/5/2015,29,17,0.81,13,6,1.34
1/6/2015,41,29,0.01,32,13,1.34
1/7/2015,41,25,0,35,19,0
1/8/2015,34,19,0,24,11,0
1/9/2015,27,10,0,27,4,0
1/10/2015,23,17,0.01,16,3,0
1/11/2015,30,22,0.18,23,15,0.11
1/12/2015,30,20,0,30,23,0
1/13/2015,31,23,0,31,25,0
1/14/2015,30,24,0,30,25,0
1/15/2015,26,20,0,32,19,0
1/16/2015,42,21,0,28,21,0.09
1/17/2015,40,21,0,40,24,0
1/18/2015,43,29,0.32,37,25,0.55
1/19/2015,42,32,0.01,46,31,0.07
1/20/2015,36,25,0,42,27,0
1/21/2015,32,16,0,34,17,0
1/22/2015,30,16,0,27,17,0
1/23/2015,35,20,0.02,31,22,0
1/24/2015,44,32,0,40,29,0
1/25/2015,52,34,0.01,42,35,0
1/26/2015,48,31,0,42,29,0
1/27/2015,41,28,0,40,30,0
1/28/2015,41,29,0,40,28,0
1/29/2015,41,25,0,40,24,0
1/30/2015,29,23,0,35,16,0
1/31/2015,31,24,0,30,19,0
2/1/2015,30,21,0.03,29,13,0
2/2/2015,36,22,0.07,28,13,0.25
2/3/2015,44,32,0,35,26,0.15
2/4/2015,44,27,0,41,26,0
2/5/2015,41,32,0.01,36,27,0
2/6/2015,55,37,0,46,32,0.7
2/7/2015,53,38,0.1,53,36,0.21
2/8/2015,52,39,0,50,38,0.62
2/9/2015,52,36,0.34,46,31,0.17
2/10/2015,48,36,0.04,40,32,0
2/11/2015,49,34,0.01,42,36,0
2/12/2015,49,35,0,45,35,0.65
2/13/2015,50,33,0,48,37,0
2/14/2015,52,33,0,47,33,0
2/15/2015,50,30,0,51,29,0
2/16/2015,45,29,0,45,26,0
2/17/2015,39,21,0,42,22,0
2/18/2015,41,24,0,39,22,0
2/19/2015,47,27,0,45,25,0
2/20/2015,46,31,0.02,44,27,0
2/21/2015,40,30,0.12,37,26,0
2/22/2015,33,12,0,33,9,0
2/23/2015,33,11,0,29,9,0
2/24/2015,40,18,0,30,14,0
2/25/2015,34,18,0.001,36,19,0
2/26/2015,41,26,0.02,40,17,0
2/27/2015,39,25,0,35,17,0
2/28/2015,36,21,0,34,11,0
3/1/2015,35,14,0,32,11,0
3/2/2015,34,21,0.01,35,12,0
3/3/2015,34,18,0.001,30,8,0
3/4/2015,36,10,0,29,8,0
3/5/2015,45,14,0,35,8,0
3/6/2015,53,19,0,42,19,0
3/7/2015,56,31,0,51,25,0
3/8/2015,56,27,0,55,28,0
3/9/2015,60,28,0,53,28,0
3/10/2015,61,27,0,60,31,0
3/11/2015,60,36,0,61,31,0
3/12/2015,58,41,0.001,50,37,0
3/13/2015,58,29,0,53,32,0
3/14/2015,58,29,0.001,58,33,0
3/15/2015,57,44,0.33,50,39,1.13
3/16/2015,50,40,0.14,49,33,1.95
3/17/2015,47,34,0.16,40,30,0.09
3/18/2015,47,36,0.25,37,32,0.47
3/19/2015,56,28,0.02,43,35,0
3/20/2015,56,28,0,53,35,0
3/21/2015,54,39,0.03,58,37,0
3/22/2015,56,28,0,52,31,0.12
3/23/2015,57,39,0.11,55,32,0
3/24/2015,46,29,0.04,45,36,0.16
3/25/2015,47,33,0.02,47,36,0
3/26/2015,55,40,0.04,44,37,0
3/27/2015,46,29,0.04,45,37,0.32
3/28/2015,66,42,0.06,65,37,0.61
3/29/2015,47,33,0.02,49,35,0.22
3/30/2015,63,33,0.001,56,37,0
3/31/2015,64,33,0,65,39,0
4/1/2015,50,34,0,51,34,0
4/2/2015,48,29,0.14,47,31,0.16
4/3/2015,51,25,0,47,28,0.04
4/4/2015,51,34,0.09,49,29,0
4/5/2015,50,26,0,43,28,0.16
4/6/2015,46,26,0.04,49,31,0
4/7/2015,52,26,0,39,32,0
4/8/2015,54,26,0,53,29,0
4/9/2015,56,31,0,58,29,0
4/10/2015,61,31,0,60,35,0
4/11/2015,63,45,0,60,39,0
4/12/2015,63,32,0,51,36,0.4
4/13/2015,57,26,0,43,30,0
4/14/2015,58,39,0.09,62,35,0.17
4/15/2015,52,35,0.01,45,32,0
4/16/2015,58,27,0,56,33,0
4/17/2015,67,32,0,62,35,0
4/18/2015,67,38,0,70,39,0
4/19/2015,67,32,0,63,32,0
4/20/2015,66,33,0,62,35,0
4/21/2015,69,37,0,69,39,0
4/22/2015,71,37,0.01,71,42,0
4/23/2015,59,30,0,59,36,0
4/24/2015,58,43,0,59,40,0
4/25/2015,54,32,0,54,31,0.14
4/26/2015,56,36,0.01,54,35,0
4/27/2015,61,29,0.04,52,37,0
4/28/2015,68,36,0,66,38,0
4/29/2015,72,40,0,76,41,0.12
4/30/2015,63,35,0,64,39,0
5/1/2015,72,36,0,63,42,0
5/2/2015,73,40,0,70,45,0
5/3/2015,69,33,0,69,35,0
5/4/2015,72,34,0,67,37,0
5/5/2015,74,48,0.03,73,38,0
5/6/2015,63,30,0,66,37,0
5/7/2015,60,44,0,59,34,0
5/8/2015,63,35,0,63,36,0
5/9/2015,61,33,0,54,30,0
5/10/2015,65,34,0,67,38,0
5/11/2015,67,34,0,68,44,0
5/12/2015,64,43,0.01,57,41,0
5/13/2015,62,44,0.33,55,41,0
5/14/2015,62,41,0.001,53,41,0.24
5/15/2015,64,43,0.16,66,42,0
5/16/2015,66,49,0.001,63,43,0
5/17/2015,66,48,0,61,43,0
5/18/2015,63,35,0,54,45,0
5/19/2015,66,38,0,59,35,0
5/20/2015,72,48,0,63,36,0
5/21/2015,75,42,0,73,44,0
5/22/2015,77,45,0,79,46,0
5/23/2015,78,53,0,78,47,0
5/24/2015,78,45,0,73,44,0
5/25/2015,76,44,0.05,71,47,0
5/26/2015,69,42,0.03,69,45,0
5/27/2015,68,55,0.02,70,47,0
5/28/2015,68,55,0.03,67,48,0
5/29/2015,75,45,0,69,48,0
5/30/2015,75,45,0.07,77,50,0
5/31/2015,79,45,0.02,66,48,0
6/1/2015,80,45,0,80,51,0.23
6/2/2015,77,52,0.63,81,53,0
6/3/2015,69,45,0.03,57,47,0.51
6/4/2015,70,44,0.03,64,42,0
6/5/2015,74,46,0,73,45,0
6/6/2015,80,49,0,79,50,0
6/7/2015,85,51,0,84,54,0
6/8/2015,92,55,0,87,59,0
6/9/2015,93,55,0,94,57,0
6/10/2015,94,56,0,94,58,0
6/11/2015,86,54,0,88,58,0
6/12/2015,87,61,0,88,65,0
6/13/2015,75,45,0,77,41,0
6/14/2015,73,46,0,72,46,0
6/15/2015,75,55,0,71,44,0
6/16/2015,77,50,0,73,45,0
6/17/2015,83,50,0,82,52,0
6/18/2015,81,54,0,82,53,0
6/19/2015,82,56,0,85,55,0
6/20/2015,78,48,0,79,50,0
6/21/2015,78,47,0,77,45,0
6/22/2015,80,52,0,79,48,0
6/23/2015,82,50,0,81,53,0
6/24/2015,83,51,0,84,49,0
6/25/2015,85,62,0,82,59,0
6/26/2015,91,55,0,88,58,0
6/27/2015,94,59,0,94,62,0
6/28/2015,96,64,0,98,65,0
6/29/2015,97,67,0,102,69,0
6/30/2015,93,63,0,89,60,0
7/1/2015,92,58,0,92,58,0
7/2/2015,92,58,0,91,59,0
7/3/2015,94,60,0,92,57,0
7/4/2015,96,61,0,96,63,0
7/5/2015,96,62,0,97,55,0
7/6/2015,79,49,0,64,44,0
7/7/2015,81,59,0.03,81,54,0
7/8/2015,82,50,0,74,52,0.51
7/9/2015,89,50,0,88,57,0
7/10/2015,91,57,0,91,60,0
7/11/2015,91,57,0.76,95,61,0
7/12/2015,77,60,0,77,60,0
7/13/2015,80,58,0.001,82,59,0
7/14/2015,79,54,0.04,79,53,0
7/15/2015,78,53,0.08,79,48,0
7/16/2015,79,55,0,81,57,0
7/17/2015,74,48,0.01,75,48,0
7/18/2015,78,48,0.01,66,48,0.09
7/19/2015,85,52,0,82,53,0
7/20/2015,91,52,0,89,59,0
7/21/2015,90,56,0,88,60,0
7/22/2015,88,55,0.03,90,55,0
7/23/2015,83,57,0,85,47,0
7/24/2015,85,55,0,84,48,0
7/25/2015,85,54,0,85,61,0
7/26/2015,82,56,0.001,79,52,0
7/27/2015,74,52,0.08,74,51,0
7/28/2015,75,48,0.25,63,49,0
7/29/2015,83,47,0,74,50,0
7/30/2015,87,50,0,84,52,0
7/31/2015,93,53,0,92,57,0
8/1/2015,94,53,0,96,60,0
8/2/2015,94,54,0,98,59,0
8/3/2015,91,54,0,95,59,0
8/4/2015,92,56,0,98,64,0
8/5/2015,86,58,0,86,61,0
8/6/2015,86,57,0,81,59,0
8/7/2015,78,45,0,72,52,0
8/8/2015,83,49,0,82,49,0
8/9/2015,85,51,0.01,86,57,0
8/10/2015,86,51,0.01,86,58,0
8/11/2015,88,54,0,91,59,0
8/12/2015,90,59,0,95,60,0
8/13/2015,95,59,0,95,62,0
8/14/2015,95,60,0.001,98,63,0
8/15/2015,85,62,0.03,90,54,0.23
8/16/2015,76,49,0,71,47,0
8/17/2015,77,52,0,76,49,0
8/18/2015,77,52,0,80,47,0
8/19/2015,84,49,0,78,47,0
8/20/2015,85,54,0,86,59,0
8/21/2015,84,56,0,83,59,0
8/22/2015,73,40,0.1,74,40,0.35
8/23/2015,76,40,0,70,40,0
8/24/2015,80,48,0,79,42,0
8/25/2015,85,53,0,83,48,0
8/26/2015,86,52,0,86,53,0
8/27/2015,86,52,0,90,56,0
8/28/2015,82,52,0,87,57,0
8/29/2015,81,56,0,83,58,0
8/30/2015,76,54,0.02,85,57,0.22
8/31/2015,72,47,0.02,71,49,0
9/1/2015,78,43,0,67,49,0
9/2/2015,80,30,0,77,55,0
9/3/2015,66,44,0.1,72,52,0.05
9/4/2015,61,34,0.01,56,48,0
9/5/2015,63,29,0.4,60,45,0
9/6/2015,60,42,0.28,51,43,0
9/7/2015,62,42,0.01,61,44,1.46
9/8/2015,65,39,0.01,58,39,0
9/9/2015,75,40,0,60,42,0
9/10/2015,76,40,0,74,43,0
9/11/2015,77,47,0,76,45,0
9/12/2015,84,45,0,80,48,0
9/13/2015,83,48,0,84,54,0
9/14/2015,76,48,0,80,54,0
9/15/2015,76,44,0.43,65,45,0.27
9/16/2015,61,39,0.01,59,37,0
9/17/2015,62,36,0,56,33,0
9/18/2015,65,38,0,64,35,0.03
9/19/2015,70,40,0,61,41,0
9/20/2015,78,34,0,66,42,0
9/21/2015,78,49,0,74,63,0
9/22/2015,73,42,0,70,40,0
9/23/2015,71,40,0,71,39,0
9/24/2015,72,39,0,74,38,0
9/25/2015,74,38,0,76,38,0
9/26/2015,77,47,0,84,49,0
9/27/2015,77,38,0,71,39,0
9/28/2015,66,32,0,66,32,0
9/29/2015,66,32,0,67,32,0
9/30/2015,68,38,0,69,33,0
10/1/2015,68,45,0,73,36,0
10/2/2015,69,42,0,67,46,0
10/3/2015,70,44,0.04,72,49,0
10/4/2015,59,40,0,56,36,0.04
10/5/2015,62,33,0,57,32,0
10/6/2015,63,35,0,65,33,0
10/7/2015,64,49,0,66,35,0.1
10/8/2015,65,50,0.16,61,48,0
10/9/2015,73,41,0.01,59,47,0
10/10/2015,75,47,0,71,47,0
10/11/2015,76,50,0.01,74,51,0
10/12/2015,70,36,0,58,35,0
10/13/2015,70,45,0,65,41,0
10/14/2015,68,27,0,64,36,0
10/15/2015,62,36,0,66,37,0
10/16/2015,58,33,0,62,34,0
10/17/2015,59,32,0,61,33,0
10/18/2015,57,36,0,63,34,0
10/19/2015,54,42,0.07,52,37,0
10/20/2015,57,46,0.14,55,48,0
10/21/2015,55,34,0.02,55,42,0.07
10/22/2015,55,36,0.01,56,40,0
10/23/2015,53,30,0,52,28,0
10/24/2015,53,28,0.01,52,29,0
10/25/2015,50,32,0,51,36,0.03
10/26/2015,50,34,0.05,46,37,0
10/27/2015,52,38,0.05,45,41,0.15
10/28/2015,52,31,0,46,35,0.02
10/29/2015,50,34,0.03,45,34,0.05
10/30/2015,50,34,0.03,48,36,0
10/31/2015,54,40,0.39,51,42,0.3
11/1/2015,54,44,0.1,56,42,0.05
11/2/2015,48,39,0.01,52,37,0.05
11/3/2015,48,36,0.03,46,35,0
11/4/2015,43,31,0.01,42,27,0
11/5/2015,42,28,0.001,42,28,0.03
11/6/2015,42,28,0.7,38,32,0.05
11/7/2015,48,32,0,40,32,0
11/8/2015,50,36,0,48,33,0.01
11/9/2015,49,36,0.28,45,37,0.21
11/10/2015,39,30,0.14,39,27,0.4
11/11/2015,42,28,0.03,37,27,0
11/12/2015,40,26,0.01,40,27,0.25
11/13/2015,50,33,0,40,27,0
11/14/2015,56,46,0,51,40,0
11/15/2015,52,33,0,53,36,0
11/16/2015,46,30,0,46,34,0.17
11/17/2015,48,36,0,37,31,0.09
11/18/2015,51,31,0.01,49,32,0.5
11/19/2015,37,29,0,37,29,0
11/20/2015,34,24,0.001,37,24,0
11/21/2015,31,21,0,31,22,0
11/22/2015,35,19,0,28,20,0
11/23/2015,37,22,0.001,35,25,0
11/24/2015,35,24,0.14,33,26,0.31
11/25/2015,29,19,0,32,10,0.16
11/26/2015,20,6,0,19,7,0
11/27/2015,20,15,0,15,7,0
11/28/2015,20,17,0.01,19,9,0
11/29/2015,20,17,0,17,14,0
11/30/2015,20,16,0,18,14,0
12/1/2015,18,15,0.001,19,15,0
12/2/2015,24,17,0.01,22,17,0.04
12/3/2015,28,23,0.001,30,20,0
12/4/2015,36,26,0.03,37,24,0.23
12/5/2015,37,31,0,42,32,0.13
12/6/2015,38,28,0,41,29,0
12/7/2015,42,33,0.27,47,32,0.38
12/8/2015,44,35,0.38,39,32,0.51
12/9/2015,51,42,0.06,52,36,0.89
12/10/2015,43,30,0.13,50,36,0
12/11/2015,38,30,0.02,39,32,0.35
12/12/2015,35,28,0.02,37,32,0
12/13/2015,41,32,0.001,41,32,0.19
12/14/2015,38,30,0.03,41,29,0.07
12/15/2015,38,29,0,31,24,0
12/16/2015,34,22,0.12,31,27,0.22
12/17/2015,27,14,0,28,16,0.01
12/18/2015,29,21,0.23,23,16,0.25
12/19/2015,33,28,0.02,36,22,0.1
12/20/2015,31,21,0,35,27,0.25
12/21/2015,36,26,0,36,27,0.24
12/22/2015,34,29,0.1,35,26,0.72
12/23/2015,30,23,0.09,31,22,0.07
12/24/2015,33,22,0,29,22,0.48
12/25/2015,29,17,0.03,29,18,0.56
12/26/2015,28,16,0.01,21,17,0.08
12/27/2015,22,9,0,24,15,0
12/28/2015,23,9,0.05,24,14,0.12
12/29/2015,25,19,0.15,25,18,0.07
12/30/2015,25,12,0.1,24,13,0.02
12/31/2015,22,17,0,22,15,0
1/1/2016,22,17,0,22,15,0
1/2/2016,19,15,0,20,10,0
1/3/2016,18,15,0,13,4,0
1/4/2016,21,15,0,15,5,0
1/5/2016,25,15,0,27,15,0
1/6/2016,24,20,0,30,21,0
1/7/2016,28,22,0.01,31,25,0.02
1/8/2016,30,25,0.05,29,21,0.02
1/9/2016,30,26,0.001,26,21,0
1/10/2016,31,25,0,29,23,0
1/11/2016,30,15,0,29,18,0
1/12/2016,30,15,0,29,18,0
1/13/2016,35,26,0.18,34,26,0.18
1/14/2016,37,32,0.12,38,28,0
1/15/2016,33,28,0.02,34,29,0
1/16/2016,32,23,0.14,32,27,0
1/17/2016,35,27,0.06,31,28,0.12
1/18/2016,37,31,0.11,36,30,0.3
1/19/2016,39,32,0.06,37,31,0
1/20/2016,39,32,0.06,36,31,0.31
1/21/2016,39,28,0,36,30,0
1/22/2016,36,28,0,36,29,0
1/23/2016,41,26,0.06,44,29,0
1/24/2016,39,31,0.06,34,30,0.7
1/25/2016,39,28,0,36,29,0
1/26/2016,40,24,0,36,29,0
1/27/2016,44,24,0,39,33,0
1/28/2016,40,24,0,37,30,0.04
1/29/2016,42,31,0.05,44,33,0.47
1/30/2016,38,30,0,39,28,0.46
1/31/2016,35,27,0.02,36,25,0
2/1/2016,33,23,0.11,34,21,0.04
2/2/2016,33,23,0.01,29,21,0
2/3/2016,33,13,0,29,11,0
2/4/2016,38,25,0.05,29,11,0.2
2/5/2016,38,25,0.05,37,25,0
2/6/2016,43,30,0.03,45,30,0.09
2/7/2016,43,24,0,40,22,0
2/8/2016,42,21,0,38,22,0
2/9/2016,41,25,0,42,26,0
2/10/2016,46,36,0,42,26,0
2/11/2016,51,35,0,41,25,0
2/12/2016,48,37,0.14,48,33,0
2/13/2016,45,35,0.01,41,33,0.3
2/14/2016,47,35,0,43,33,0.33
2/15/2016,52,39,0.01,43,34,0.22
2/16/2016,52,39,0.03,47,35,0.46
2/17/2016,48,35,0.03,47,36,0.03
2/18/2016,45,37,0.16,41,36,0.51
2/19/2016,47,33,0.24,43,34,0.07
2/20/2016,45,35,0.09,43,33,0.27
2/21/2016,41,22,0.01,34,25,0.09
2/22/2016,45,30,0.001,36,24,0
2/23/2016,43,21,0,41,20,0
2/24/2016,40,22,0,42,17,0
2/25/2016,44,25,0,37,17,0
2/26/2016,45,25,0,44,19,0
2/27/2016,50,34,0.02,47,21,0
2/28/2016,51,29,0,45,32,0
2/29/2016,50,29,0,47,33,0
3/1/2016,40,26,0,36,26,0.19
3/2/2016,45,30,0,40,26,0.32
3/3/2016,48,30,0.09,43,33,0
3/4/2016,54,27,0,46,34,0.08
3/5/2016,58,29,0.02,53,31,0
3/6/2016,58,27,0.12,44,33,0.3
3/7/2016,58,26,0.01,42,31,0.55
3/8/2016,48,30,0,47,31,0.04
3/9/2016,50,32,0,44,26,0
3/10/2016,57,36,0.07,43,28,0.75
3/11/2016,52,29,0.01,44,33,0.33
3/12/2016,52,36,0.18,50,34,0.12
3/13/2016,51,32,0,48,33,0.67
3/14/2016,49,33,0.15,45,33,0.21
3/15/2016,49,29,0.05,41,31,0.1
3/16/2016,45,27,0.02,40,31,0.12
3/17/2016,43,28,0.24,39,27,0.2
3/18/2016,41,18,0,41,18,0
3/19/2016,44,20,0,41,18,0
3/20/2016,50,26,0,49,19,0
3/21/2016,57,37,0.06,56,25,0.17
3/22/2016,57,32,0.34,55,32,0
3/23/2016,48,28,0.07,42,33,0.07
3/24/2016,46,36,0.08,46,34,0.29
3/25/2016,46,33,0.01,49,34,0.22
3/26/2016,50,31,0,43,33,0.24
3/27/2016,45,20,0.03,46,30,0
3/28/2016,43,21,0,42,31,0.07
3/29/2016,53,27,0.01,39,30,0.16
3/30/2016,51,28,0,52,29,0
3/31/2016,57,28,0,47,31,0
4/1/2016,64,28,0,55,31,0
4/2/2016,69,33,0,61,32,0
4/3/2016,69,38,0,68,38,0
4/4/2016,68,36,0,67,36,0
4/5/2016,51,38,0,48,35,0.42
4/6/2016,64,38,0,51,40,0
4/7/2016,68,35,0,59,37,0
4/8/2016,71,34,0,68,35,0
4/9/2016,75,34,0,71,38,0
4/10/2016,74,46,0,75,38,0
4/11/2016,71,34,0,59,35,0
4/12/2016,70,41,0.03,70,38,0
4/13/2016,57,42,0.03,55,40,0.23
4/14/2016,56,37,0.25,47,35,0.06
4/15/2016,52,33,0.47,46,33,0.4
4/16/2016,60,33,0.01,54,36,0
4/17/2016,64,32,0,61,36,0
4/18/2016,68,33,0,68,37,0
4/19/2016,71,34,0,72,37,0
4/20/2016,75,38,0,75,41,0
4/21/2016,76,41,0,77,43,0
4/22/2016,73,46,0,78,46,0
4/23/2016,71,46,0.16,78,44,0.21
4/24/2016,71,45,0.5,58,46,0.31
4/25/2016,55,38,0.01,51,38,0.11
4/26/2016,56,44,0.15,57,40,0
4/27/2016,60,40,0,60,39,0
4/28/2016,58,41,0,56,39,0
4/29/2016,53,41,0,50,41,0
4/30/2016,58,40,0.01,53,33,0
5/1/2016,65,34,0,61,37,0
5/2/2016,74,35,0,72,41,0
5/3/2016,77,40,0,77,43,0
5/4/2016,76,39,0.02,82,46,0
5/5/2016,74,51,0,80,51,0
5/6/2016,74,51,0,78,48,0.05
5/7/2016,68,50,0.16,67,42,0.04
5/8/2016,72,39,0,79,49,0
5/9/2016,74,41,0.09,79,41,0.5
5/10/2016,74,41,0.09,49,39,0
5/11/2016,60,35,0.09,57,37,0
5/12/2016,65,37,0.01,60,41,0
5/13/2016,65,34,0,58,36,0.58
5/14/2016,65,44,0,56,36,0
5/15/2016,65,28,0.01,61,39,0
5/16/2016,65,26,0.01,62,45,0
5/17/2016,73,45,0,64,44,0
5/18/2016,77,47,0,76,50,0
5/19/2016,67,48,0.84,78,48,0.49
5/20/2016,67,42,0.1,56,44,0.1
5/21/2016,57,46,0.13,55,41,0.05
5/22/2016,57,43,0.13,57,42,1.07
5/23/2016,51,45,0.25,47,42,3.75
5/24/2016,58,42,0.44,47,41,0.69
5/25/2016,65,40,0.1,61,44,0.03
5/26/2016,63,47,0.27,69,47,0
5/27/2016,62,40,0,69,47,0
5/28/2016,63,36,0,60,40,0
5/29/2016,64,38,0.15,63,42,0.38
5/30/2016,65,48,0,68,41,0
5/31/2016,67,40,0,68,41,0
6/1/2016,74,38,0,71,46,0
6/2/2016,68,52,0,77,51,0
6/3/2016,78,43,0,65,49,0.17
6/4/2016,81,50,0,78,50,0
6/5/2016,84,50,0,87,53,0
6/6/2016,88,52,0,89,57,0
6/7/2016,88,56,0.01,93,58,0
6/8/2016,84,55,0.02,94,60,0
6/9/2016,77,55,0,88,52,0.49
6/10/2016,75,46,0,75,46,0
6/11/2016,69,40,0.06,75,49,0.06
6/12/2016,74,39,0,66,41,0
6/13/2016,79,38,0,73,47,0
6/14/2016,69,46,0.33,76,46,0
6/15/2016,63,34,0,52,36,0.4
6/16/2016,60,43,0.25,64,38,0.26
6/17/2016,63,27,0.01,59,38,0.14
6/18/2016,68,45,0.01,65,47,0
6/19/2016,70,45,0,67,48,0.22
6/20/2016,76,40,0,65,43,0
6/21/2016,76,42,0.01,83,52,0
6/22/2016,78,42,0,65,48,0.81
6/23/2016,79,49,0,78,53,0
6/24/2016,80,48,0.09,80,47,0
6/25/2016,70,48,0.01,61,45,0.57
6/26/2016,75,43,0,61,49,0
6/27/2016,83,48,0,77,50,0
6/28/2016,88,48,0.04,86,55,0
6/29/2016,88,54,0,90,57,0
6/30/2016,91,56,0,89,55,0
7/1/2016,91,54,0,92,54,0
7/2/2016,89,56,0,89,57,0
7/3/2016,83,52,0,82,59,0
7/4/2016,81,52,0,83,56,0
7/5/2016,75,45,0,74,45,0
7/6/2016,67,50,0.24,75,50,0.08
7/7/2016,74,43,0,62,48,0
7/8/2016,74,56,0,73,54,0.1
7/9/2016,72,50,0.1,68,50,0.05
7/10/2016,72,48,0,74,46,0
7/11/2016,67,47,0.9,76,50,0.57
7/12/2016,75,45,0,68,49,0
7/13/2016,75,43,0.18,75,53,0.02
7/14/2016,84,49,0.2,73,49,0
7/15/2016,78,51,0,77,49,0
7/16/2016,82,50,0,84,53,0
7/17/2016,69,48,0,62,46,0.3
7/18/2016,74,49,0.01,76,50,0
7/19/2016,83,54,0.05,88,53,0
7/20/2016,83,53,0,84,53,0.13
7/21/2016,88,51,0,83,54,0
7/22/2016,88,51,0,88,53,0
7/23/2016,79,51,0.01,85,57,0
7/24/2016,83,48,0,79,53,0
7/25/2016,86,54,0,83,53,0
7/26/2016,87,54,0,89,59,0
7/27/2016,82,52,0,88,55,0
7/28/2016,87,44,0,88,54,0
7/29/2016,90,44,0,88,60,0
7/30/2016,92,58,0,92,58,0
7/31/2016,91,54,0,92,60,0
8/1/2016,91,48,0,83,49,0
8/2/2016,92,48,0,84,50,0
8/3/2016,90,54,0,89,56,0
8/4/2016,77,37,0,64,46,0.08
8/5/2016,87,48,0,80,50,0
8/6/2016,86,62,0,90,59,0
8/7/2016,79,53,0,87,55,0
8/8/2016,79,52,0,81,51,0.3
8/9/2016,79,52,0.15,77,51,0
8/10/2016,66,51,0.01,70,51,0.64
8/11/2016,78,37,0.01,58,51,0.29
8/12/2016,82,52,0,76,52,0
8/13/2016,86,52,0,82,51,0
8/14/2016,89,54,0,84,53,0
8/15/2016,88,56,0,86,53,0
8/16/2016,91,46,0,89,53,0
8/17/2016,91,46,0,90,53,0
8/18/2016,79,59,0,88,57,0
8/19/2016,73,44,0.06,70,42,0
8/20/2016,84,45,0,74,44,0.01
8/21/2016,90,50,0,81,49,0
8/22/2016,79,58,0,89,53,0
8/23/2016,74,44,0,71,52,0
8/24/2016,73,41,0,71,51,0
8/25/2016,73,45,0,73,42,0
8/26/2016,76,46,0,75,45,0
8/27/2016,83,48,0,75,48,0
8/28/2016,83,58,0,83,55,0
8/29/2016,83,48,0,79,49,0
8/30/2016,83,51,0.05,86,51,0.03
8/31/2016,83,52,0,85,55,0.01
9/1/2016,83,53,0,80,53,0
9/2/2016,74,44,0.1,82,51,0.07
9/3/2016,67,42,0.05,64,46,0.15
9/4/2016,63,51,0,64,39,0.11
9/5/2016,63,52,0.05,61,41,0
9/6/2016,62,40,0.13,63,43,0.07
9/7/2016,64,34,0.06,54,48,0.07
9/8/2016,63,42,0.04,59,49,0.59
9/9/2016,67,43,0.01,62,42,0.11
9/10/2016,79,30,0,65,44,0
9/11/2016,74,42,0.06,76,50,0
9/12/2016,58,43,0.04,64,36,0.84
9/13/2016,60,31,0,54,33,0.01
9/14/2016,67,35,0,63,33,0
9/15/2016,73,31,0,70,35,0
9/16/2016,79,36,0,74,39,0
9/17/2016,78,43,0,77,42,0
9/18/2016,67,47,0,65,47,1.15
9/19/2016,65,32,0,64,39,0.35
9/20/2016,61,36,0,60,41,0
9/21/2016,63,49,0,61,42,0
9/22/2016,63,49,0.01,57,46,0.24
9/23/2016,63,46,0.19,58,42,0
9/24/2016,63,40,0.03,63,44,0
9/25/2016,65,41,0,63,45,0.02
9/26/2016,65,41,0,62,41,0
9/27/2016,71,46,0,72,46,0
9/28/2016,80,48,0,78,45,0
9/29/2016,70,31,0,71,45,0
9/30/2016,73,43,0.01,73,48,0.01
10/1/2016,72,41,0.23,76,49,0.08
10/2/2016,72,33,0,65,34,0.23
10/3/2016,55,32,0,59,36,0
10/4/2016,52,40,0.05,58,36,0
10/5/2016,49,42,0.43,53,36,0.57
10/6/2016,54,40,0.06,47,39,0.04
10/7/2016,49,38,0.14,48,41,0.08
10/8/2016,60,44,0.05,51,39,0.56
10/9/2016,60,45,0.11,62,40,0.48
10/10/2016,51,37,0.74,60,32,2.82
10/11/2016,41,32,0.02,36,25,0
10/12/2016,44,25,0,37,25,0
10/13/2016,52,41,0.05,41,29,0
10/14/2016,54,41,0.15,53,33,1.17
10/15/2016,58,42,0.02,52,41,0.73
10/16/2016,54,42,0.25,51,43,0.43
10/17/2016,51,40,0.1,51,40,0.17
10/18/2016,51,40,0.1,50,40,0.62
10/19/2016,53,40,0.02,51,40,0.24
10/20/2016,53,34,0.02,50,38,0.04
10/21/2016,50,41,0.26,47,39,0.77
10/22/2016,53,41,0.26,48,40,0.15
10/23/2016,48,33,0.01,48,36,0.18
10/24/2016,47,35,0,46,36,0
10/25/2016,50,36,0.18,47,37,0.13
10/26/2016,50,43,0.18,49,39,0.17
10/27/2016,48,44,0.01,49,40,0.73
10/28/2016,52,40,0.16,49,42,0.38
10/29/2016,47,42,0,48,36,0
10/30/2016,48,33,0.07,44,38,0.18
10/31/2016,50,33,0.65,47,41,1.39
11/1/2016,52,40,0,49,40,0
11/2/2016,54,40,0,50,42,0
11/3/2016,54,32,0,53,35,0
11/4/2016,50,32,0,51,34,0
11/5/2016,46,31,0,50,31,0
11/6/2016,52,34,0,49,32,0
11/7/2016,47,30,0,53,36,0.06
11/8/2016,45,32,0,48,34,0
11/9/2016,45,32,0,48,32,0
11/10/2016,52,34,0,49,32,0
11/11/2016,39,33,0,45,30,0
11/12/2016,46,31,0,39,31,0
11/13/2016,52,36,0,57,32,0
11/14/2016,55,43,0,53,43,0.2
11/15/2016,49,40,0.47,52,39,0.25
11/16/2016,46,35,0.02,49,36,0.51
11/17/2016,39,28,0.02,39,30,0.04
11/18/2016,37,23,0.01,36,29,0
11/19/2016,39,31,0,34,29,0
11/20/2016,38,35,0,37,31,0
11/21/2016,46,35,0.02,42,35,0.66
11/22/2016,44,32,0,45,34,0
11/23/2016,40,27,0.02,41,29,0
11/24/2016,43,34,0,38,32,0.2
11/25/2016,43,31,0.001,42,34,0
11/26/2016,43,28,0.03,42,35,0.02
11/27/2016,39,25,0.01,41,29,0.01
11/28/2016,38,29,0.02,40,30,0.08
11/29/2016,37,27,0.02,39,28,0
11/30/2016,37,22,0.001,34,27,0.01
12/1/2016,37,30,0.001,31,28,0.23
12/2/2016,35,29,0.001,34,31,0
12/3/2016,40,29,0.01,35,30,0.15
12/4/2016,40,30,0.06,39,32,0
12/5/2016,30,22,0.001,38,21,0.81
12/6/2016,23,15,0.001,25,10,0
12/7/2016,16,15,0,13,-1,0.01
12/8/2016,15,11,0.01,7,1,0
12/9/2016,15,11,0.05,7,1,0
12/10/2016,27,10,0.15,9,1,0.25
12/11/2016,32,27,0.03,19,9,0.21
12/12/2016,32,24,0.03,27,12,0.15
12/13/2016,24,11,0,20,12,0
12/14/2016,17,14,0,16,-1,0
12/15/2016,17,13,0.03,12,4,0.03
12/16/2016,14,7,0.01,16,6,0.09
12/17/2016,8,-12,0.15,8,-10,0
12/18/2016,12,-6,0,7,-9,0.04
12/19/2016,32,12,0,28,-1,0.07
12/20/2016,42,31,0.07,35,22,0.16
12/21/2016,35,21,0,41,29,0.08
12/22/2016,25,14,0,36,19,0
12/23/2016,26,13,0.15,27,17,0
12/24/2016,28,24,0.29,28,25,0.25
12/25/2016,24,20,0.02,27,11,0.2
12/26/2016,28,18,0,21,10,0.02
12/27/2016,34,22,0,29,18,0.1
12/28/2016,33,17,0,33,26,0.1
12/29/2016,33,23,0,32,19,0
12/30/2016,40,19,0,33,20,0.3
12/31/2016,31,16,0,33,20,0
1/1/2017,22,7,0.34,30,16,0.16
1/2/2017,14,-1,0,21,1,0
1/3/2017,22,-7,0,12,-1,0
1/4/2017,8,-7,0,6,-9,0
1/5/2017,5,-1,0,0,-12,0
1/6/2017,10,-1,0,6,-10,0
1/7/2017,9,5,0.01,15,-2,0
1/8/2017,15,7,0.16,13,-2,0.12
1/9/2017,25,7,0.5,22,3,0.55
1/10/2017,31,18,0,34,19,0.1
1/11/2017,27,2,0,28,-9,0
1/12/2017,15,3,0.001,2,-14,0
1/13/2017,9,1,0.01,9,-7,0
1/14/2017,9,5,0,11,-8,0
1/15/2017,9,0,0,13,-6,0
1/16/2017,9,2,0,8,-7,0
1/17/2017,14,3,0,14,-5,0
1/18/2017,30,10,0,24,14,0
1/19/2017,38,29,0,37,24,0.18
1/20/2017,33,19,0,39,31,0
1/21/2017,26,25,0.05,37,18,0
1/22/2017,29,24,0,30,18,0
1/23/2017,31,25,0.16,33,24,0.1
1/24/2017,31,23,0,30,10,0
1/25/2017,26,19,0,26,12,0
1/26/2017,30,20,0.03,30,22,0
1/27/2017,30,19,0,28,19,0
1/28/2017,28,14,0,31,23,0
1/29/2017,25,12,0,35,14,0
1/30/2017,41,25,0,42,13,0
1/31/2017,35,15,0.01,41,27,0
2/1/2017,26,10,0.001,29,2,0
2/2/2017,11,-6,0,21,-4,0
2/3/2017,10,-6,0.15,13,-7,0
2/4/2017,22,10,0.29,12,-2,0.87
2/5/2017,40,16,0.03,23,12,0.26
2/6/2017,29,18,0.05,40,8,0.72
2/7/2017,30,14,0,13,6,0.05
2/8/2017,21,14,0.16,17,4,0.1
2/9/2017,38,20,0.4,20,5,1.19
2/10/2017,43,31,0,49,19,0.12
2/11/2017,39,23,0.001,43,31,0
2/12/2017,39,14,0,40,21,0
2/13/2017,39,20,0,38,21,0
2/14/2017,29,13,0,39,18,0
2/15/2017,34,7,0,39,18,0
2/16/2017,40,31,0.01,41,21,0.25
2/17/2017,43,30,0,42,32,1.04
2/18/2017,38,27,0,44,28,0
2/19/2017,41,31,0.04,35,28,0.62
2/20/2017,38,27,0.05,45,29,0
2/21/2017,37,28,0.51,40,32,0.27
2/22/2017,39,29,0,37,31,0.26
2/23/2017,39,21,0.02,40,21,0
2/24/2017,34,15,0,35,13,0
2/25/2017,31,15,0,34,13,0
2/26/2017,33,18,0.14,29,20,0.09
2/27/2017,27,19,0.07,24,12,0.36
2/28/2017,34,19,0.06,29,12,0.3
3/1/2017,40,19,0.01,36,20,0.09
3/2/2017,45,19,0,39,31,0.1
3/3/2017,45,25,0,42,31,0
3/4/2017,47,19,0.23,46,35,0
3/5/2017,37,31,0.44,44,31,0.52
3/6/2017,37,17,0.01,36,15,0.17
3/7/2017,36,27,0.04,34,19,0.03
3/8/2017,40,23,0.1,35,24,0.35
3/9/2017,37,29,0.02,40,20,0.04
3/10/2017,47,25,0.33,26,16,0.36
3/11/2017,50,30,0,39,17,0
3/12/2017,49,35,0.001,51,31,0.26
3/13/2017,47,35,0.13,47,35,0.08
3/14/2017,47,35,0.48,44,34,0.37
3/15/2017,50,35,0.05,44,36,0.77
3/16/2017,50,35,0.15,47,37,0.74
3/17/2017,47,24,0,47,27,0
3/18/2017,49,35,0.2,47,27,0.13
3/19/2017,51,34,0.1,52,37,0.84
3/20/2017,51,28,0,49,22,0
3/21/2017,48,33,0.02,48,22,0.01
3/22/2017,51,35,0.26,49,33,0.24
3/23/2017,51,34,0.07,53,34,0.15
3/24/2017,51,27,0.01,47,28,0
3/25/2017,50,33,0.05,44,30,0.32
3/26/2017,50,28,0.01,48,32,0.01
3/27/2017,46,33,0.18,49,33,0.09
3/28/2017,48,38,0.01,44,35,0.12
3/29/2017,48,25,0.06,43,36,0.1
3/30/2017,53,37,0.02,41,37,0.41
3/31/2017,53,36,0.01,49,33,0
4/1/2017,56,32,0.01,53,31,0
4/2/2017,51,34,0.01,53,32,0
4/3/2017,41,25,0.2,49,32,0.02
4/4/2017,48,24,0.01,40,25,0.1
4/5/2017,53,31,0,49,27,0
4/6/2017,61,29,0.001,51,33,0.1
4/7/2017,53,30,0.13,58,38,0.09
4/8/2017,48,34,0,54,32,0.6
4/9/2017,48,33,0.22,51,34,0.19
4/10/2017,50,35,0.001,44,28,0
4/11/2017,51,36,0.03,41,29,0.08
4/12/2017,51,38,0.03,51,34,0
4/13/2017,48,38,0.22,44,36,0.38
4/14/2017,50,32,0.01,49,34,0.23
4/15/2017,50,31,0,49,33,0.15
4/16/2017,53,30,0,45,31,0
4/17/2017,52,30,0.04,53,33,0
4/18/2017,59,26,0.06,46,32,0.25
4/19/2017,57,33,0,57,36,0.17
4/20/2017,57,23,0.12,59,32,0
4/21/2017,52,35,0.15,55,34,0.1
4/22/2017,57,35,0,54,34,0.08
4/23/2017,56,42,0.35,62,35,0
4/24/2017,56,40,0.01,56,39,0.1
4/25/2017,55,38,0.25,52,37,0.04
4/26/2017,52,32,0.1,45,36,0.28
4/27/2017,53,32,0.12,45,37,0.61
4/28/2017,53,38,0.01,47,37,0.16
4/29/2017,56,33,0.01,50,37,0.32
4/30/2017,56,23,0.07,52,38,0.22
5/1/2017,56,41,0.01,53,37,0.22
5/2/2017,53,27,0.09,55,37,0.31
5/3/2017,62,32,0,51,40,0
5/4/2017,63,35,0,63,40,0
5/5/2017,61,40,0,74,42,0
5/6/2017,63,48,0.03,73,46,0
5/7/2017,63,38,0.2,66,43,0
5/8/2017,55,38,0,47,33,0.09
5/9/2017,61,38,0,62,38,0
5/10/2017,62,37,0,65,41,0
5/11/2017,66,38,0,73,43,0
5/12/2017,64,46,0.15,80,46,0
5/13/2017,53,34,0.2,56,38,0.15
5/14/2017,52,37,0.01,52,38,0.02
5/15/2017,58,33,0,49,36,0.02
5/16/2017,56,40,0.04,59,37,0
5/17/2017,57,35,0.22,50,39,0
5/18/2017,61,36,0.01,53,38,0
5/19/2017,60,45,0,57,41,0
5/20/2017,66,42,0,64,42,0
5/21/2017,66,40,0,64,42,0.03
5/22/2017,72,45,0,72,42,0
5/23/2017,75,50,0,64,44,0
5/24/2017,81,49,0,80,49,0
5/25/2017,64,43,0,58,41,0.17
5/26/2017,67,45,0,64,39,0
5/27/2017,71,43,0,67,40,0
5/28/2017,75,45,0,75,47,0
5/29/2017,72,48,0,70,48,0
5/30/2017,75,30,0,78,49,0
5/31/2017,77,53,0,81,48,0
6/1/2017,80,54,0.31,86,53,0.04
6/2/2017,73,53,0.02,66,49,0.3
6/3/2017,75,52,0,72,42,0
6/4/2017,76,46,0,82,50,0.05
6/5/2017,74,49,0.35,79,51,0.16
6/6/2017,73,48,0,69,47,0
6/7/2017,79,47,0,80,49,0
6/8/2017,72,46,0.1,88,55,0
6/9/2017,66,45,0.01,87,49,0.7
6/10/2017,62,43,0.001,66,43,0
6/11/2017,66,43,0,60,43,0.04
6/12/2017,71,43,0,69,41,0
6/13/2017,64,48,0.27,82,48,0.01
6/14/2017,69,43,0.01,60,47,1.12
6/15/2017,62,47,0.01,68,45,0
6/16/2017,66,50,0.04,63,51,0.12
6/17/2017,70,50,0.03,63,45,1.2
6/18/2017,70,55,0,67,47,0
6/19/2017,76,54,0,67,50,0.05
6/20/2017,85,54,0,79,58,0
6/21/2017,78,54,0,78,54,0.07
6/22/2017,78,46,0,77,47,0
6/23/2017,74,49,0,73,46,0
6/24/2017,77,45,0,77,48,0
6/25/2017,82,49,0,81,49,0
6/26/2017,89,52,0,87,55,0
6/27/2017,86,46,0.01,89,57,0.17
6/28/2017,86,46,0,82,53,0
6/29/2017,75,48,0,78,52,0.01
6/30/2017,77,44,0,75,53,0
7/1/2017,89,48,0,85,57,0
7/2/2017,89,60,0.001,88,56,0
7/3/2017,89,55,0,90,59,0
7/4/2017,89,50,0,89,56,0
7/5/2017,91,50,0,88,49,0
7/6/2017,94,50,0,93,55,0
7/7/2017,95,58,0,96,62,0
7/8/2017,96,58,0,97,59,0
7/9/2017,97,58,0,95,56,0
7/10/2017,92,62,0,97,61,0
7/11/2017,86,56,0,87,56,0
7/12/2017,87,53,0,84,52,0
7/13/2017,95,54,0,86,52,0
7/14/2017,94,57,0,95,54,0
7/15/2017,94,61,0,96,59,0
7/16/2017,92,59,0.02,87,62,0.1
7/17/2017,82,47,0,82,48,0
7/18/2017,85,49,0,81,47,0
7/19/2017,89,49,0,86,51,0
7/20/2017,87,53,0,89,53,0
7/21/2017,83,53,0,88,54,0
7/22/2017,87,51,0,83,56,0
7/23/2017,93,52,0,88,60,0
7/24/2017,90,60,0,93,60,0
7/25/2017,90,54,0,90,53,0
7/26/2017,89,54,0,88,57,0
7/27/2017,90,54,0,93,55,0
7/28/2017,93,57,0,92,59,0
7/29/2017,95,57,0.01,93,55,0
7/30/2017,94,57,0,95,59,0
7/31/2017,94,53,0,95,55,0
8/1/2017,92,56,0,94,60,0
8/2/2017,90,66,0,92,57,0
8/3/2017,84,55,0,81,51,0
8/4/2017,87,54,0,88,54,0
8/5/2017,84,62,0,84,54,0.03
8/6/2017,84,54,0,76,52,0
8/7/2017,88,54,0,85,53,0
8/8/2017,83,51,0,89,56,0.03
8/9/2017,85,54,0,85,55,0
8/10/2017,87,55,0,88,58,0
8/11/2017,87,49,0,87,52,0
8/12/2017,87,55,0,86,55,0
8/13/2017,86,51,0.06,90,62,0
8/14/2017,77,51,0,75,52,0.1
8/15/2017,80,46,0,77,45,0
8/16/2017,84,47,0,80,49,0
8/17/2017,85,47,0,84,56,0
8/18/2017,87,52,0,85,56,0
8/19/2017,87,52,0,87,57,0
8/20/2017,80,47,0,80,49,0
8/21/2017,80,50,0,77,48,0
8/22/2017,87,49,0,82,50,0
8/23/2017,89,49,0,88,52,0
8/24/2017,89,49,0.13,90,60,0.02
8/25/2017,81,48,0,76,53,0.14
8/26/2017,83,47,0,82,44,0
8/27/2017,88,48,0,83,46,0
8/28/2017,88,50,0,90,49,0
8/29/2017,89,54,0,90,54,0
8/30/2017,88,53,0,94,55,0
8/31/2017,86,40,0,92,53,0
9/1/2017,86,46,0,85,53,0
9/2/2017,92,54,0,86,59,0
9/3/2017,89,56,0,92,60,0
9/4/2017,90,65,0,92,53,0
9/5/2017,75,50,0,79,46,0
9/6/2017,76,52,0,80,46,0
9/7/2017,76,47,0,80,50,0
9/8/2017,78,55,0,81,49,0
9/9/2017,86,50,0,77,50,0
9/10/2017,85,50,0,85,60,0
9/11/2017,85,47,0,80,53,0
9/12/2017,86,47,0,86,53,0
9/13/2017,86,45,0,86,52,0
9/14/2017,69,45,0.23,73,51,0
9/15/2017,51,44,0.05,53,45,0.01
9/16/2017,60,35,0,52,37,0
9/17/2017,65,36,0,62,37,0
9/18/2017,59,46,0.53,67,37,0.17
9/19/2017,53,36,0.02,52,41,0.6
9/20/2017,52,38,0.13,50,39,0.47
9/21/2017,55,38,0.02,51,39,0.07
9/22/2017,54,44,0,53,35,0
9/23/2017,54,40,0,51,39,0
9/24/2017,58,45,0,50,37,0.04
9/25/2017,59,47,0.001,56,39,0
9/26/2017,66,47,0,58,43,0
9/27/2017,66,41,0,68,43,0
9/28/2017,67,39,0,66,43,0
9/29/2017,70,40,0,71,38,0
9/30/2017,62,47,0.06,71,38,0
